,tweet_preprocessing,sentimen
0,kak maaf kendalanya ya kak bella bantu kendala kakak inbox ya kak silakan kakak,negatif
1,follow yuk byk hadiah guys,positif
2,kak maaf kendalanya ya kak bella bantu kendala kakak inbox ya kak silakan kakak,negatif
3,mengajakmu bergabung bukalapak memberikanmu credits rp cek ,positif
4,tolong nomor dana hangus memutus akun dana,negatif
5,belanja pengiriman pakai jasa terimakasih jnt,positif
6,malam min knp ga login ya padhal udah bener sms kode bener gagal,negatif
7,tolong balas dmnya yaa,negatif
8,hi kak maaf kendalanya ya kak bella bantu inbox ya kak kendalanya silakan kakak cek inbox kakak ,negatif
9,gratisan pake kode ongkirgratis pas belanja bukalapak biar ongkir gratis maks rprb berlaku,positif
10,kejadian shopee bukalapak balikin akunku,negatif
11,hallo membeli pelatihan prakerja bukalapak menyelesaikan pelatihan skill academy,positif
12,free pake link belanja shopee bukalapak lazada ,positif
13,ngasih emas nih ambil hadiah emasnya ,positif
14,hi selamat terpilih pemenang kuis cek dm ya ,positif
15,beli buka mas rb masuk saldo tinggal sisanya kemana,negatif
16,mohon perhatian tiket komplain pencurian foto watermark c,negatif
17,minisite blogger responsiv untul bisnis reseller tokopedia bukalapak dll,netral
18,hai kak mohon maaf kendala dialami terkait kendala kakak diinfokan bella dm ya kak ,negatif
19,hai kak maaf kendalanya ya bella diinfokan detail kendala dm ya kak,negatif
20,nokia c tersedia toko resmi nokia mobile bukalapak ya ,positif
21,hai kak maaf banget kendala ya mohon diinfokan bella nomor transaksi alamat,negatif
22,hai kak maaf banget kendala ya mohon diinfokan bella nomor transaksi alamat,negatif
23,promo paket bundling berlaku pembelian marketplace shopee tokopedia bukalapak instagram ,positif
24,salam mohon dibantu no transaksi dana dr transaksi masuk dompet bl sy krn pkt,negatif
25,salam mohon dibantu no transaksi dana dr transaksi masuk dompet bl sy krn,negatif
26,cek perlengkapan butuhkan harganya terbaik ,positif
27,diskon rb minimal rb bukalapak bayar pake dana,positif
28,biar belanja hemat lupa pake voucher bank mandiri nih lumayan banget voucher ongkir,positif
29,chat ga ganti cs tidur gimana cs nya ,negatif
30,hai kak maaf kendala ya mohon infokan bella detail terkait kendala ya ,negatif
31,order pomade langsung bukalapak,positif
32,maaf kendala ya kak mohon infoin bella via dm nomor transaksinya bukti resi fisik ,negatif
33,invest emas bukalapak rupiah,positif
34,hai kak maaf kendalanya ya yuk dm bella infoin detail kendala ya kak ,negatif
35,ww ya nih berkesempatan menangin total hadiah jt gampang banget top up produk virtual,positif
36,mudah praktis lwt e commerce spt bukalapak tokopedia,positif
37,yg baca pikir lg kalo beli pelatihan slama sy rekomen org,negatif
38,terimakasih,positif
39,gimana nih bales dm nya kak,negatif
40,bukalapak beli tiket bepergian loh ,positif
41,belanja bayar,positif
42,investasi reksadana emas bukalapak ayo bantu ,positif
43,dapet gratisan bl ya,positif
44,investasi reksadana emas bukalapak ayo bantu ,positif
45,dapet gratisan bl ya ,netral
46,lanjutan mksdnya gimana woy bener no tiket laporan sy yg skrng hdeh jancok gaj,negatif
47,beli reksadana emas bukalapak,positif
48,hai kak kendala bella konfirmasi dm ya kak yuk pindak dm kak nt,negatif
49,netijen please do your magic bantu jualan gue bukalapak yuk belinya ,netral
50,nabung emas aja udah ,positif
51,belom bayar angsuran fif ya ,netral
52,gratisan pake kode ongkirgratis pas belanja bukalapak biar ongkir gratis maks rprb ,positif
53,hai kak maaf banget nggak nyaman ya kak perihal kendala bella konfirmasi,negatif
54,aplikasi gak kmren ni tiket brubah kali dm brubah cs,negatif
55,aplikasi gak kmren ni tiket brubah kali dm brubah cs,negatif
56,selesai bintek verifikasi bukalapak tinggal shopee blibli ,netral
57,bersyukur shopee bukalapak tokped dsj langsung harganya ,positif
58,hai kak kendala bella konfirmasi dm ya kak yuk cek dm kak nt,negatif
59,hai kak kendala bella konfirmasi dm ya kak yuk cek dm kak nt,negatif
60,shopee tokopedia bukalapak lazada bintang iklan konsep iklan nya mahal mahal bangsat,negatif
61,shopee tokopedia bukalapak lazada bintang iklan konsep iklan nya mahal mahal bangsat,negatif
62,buka dm min ga respon kek doi ,negatif
63,mohon bantuannya sy pesan barang pelapak stuff station id transaksi tgl pelaâ ,negatif
64,mohon bantuannya sy pesan barang pelapak stuff station id transaksi tgl pela ,negatif
65,mengajakmu bergabung bukalapak memberikanmu credits rp cek ,positif
66,mengajakmu bergabung bukalapak memberikanmu credits rp cek ,positif
67,iyaa duls shopee tokped udah mitra pegadaian kalo bukaemas,positif
68,bukalapak emang cincai harga santai kagak lebay dinego aje say say,positif
69,bukalapak emang cincai harga santai kagak lebay dinego aje say say,positif
70,hai kak maaf banget ya udah bikin kakak gak nyaman terkait kendala kakak nomor transaksi xx,negatif
71,hai kak maaf banget ya udah bikin kakak gak nyaman terkait kendala kakak nomor transaksi xx,negatif
72,terimakasih admin cakep hati kirim pesan pelapak dihiraukan ,negatif
73,bukalapak cincau harga santai kagak lebay dinego aje sayy sayy ,positif
74,yuk langsung aja kepoin marketplace gopayless tersedia tokopedia bukalapak shopee blibli ,positif
75,yuk langsung aja kepoin marketplace gopayless tersedia tokopedia bukalapak shopee blibli ,positif
76,biar belanja nyaman yuk top up bni tapcash bukalapak dapatkan cashbacknya cuss yuk,positif
77,biar belanja nyaman yuk top up bni tapcash bukalapak dapatkan cashbacknya cuss yuk,positif
78,bukalapak ovo skil academy tolong pusing ,negatif
79,buku das kapital ribu bukalapak udah buku ,positif
80,buku das kapital ribu bukalapak udah buku ,positif
81,rekening sih gk keterangan bank ak klo nabung top up alfa,netral
82,rt ww ya nih berkesempatan menangin total hadiah jt gampang banget top up produk virtual bukalapak,positif
83,rt ww ya nih berkesempatan menangin total hadiah jt gampang banget top up produk virtual buka,positif
84,rt buku das kapital ribu bukalapak udah buku ,positif
85,rt buku das kapital ribu bukalapak udah buku ,positif
86,iya nih bukalapak sepi sepi aja,negatif
87,bukalapak promo moms,positif
88,makasih min,positif
89,bukalapak chino k jaket jeans k kemeja denim k dll pin fce hp ,netral
90,yg gue tanganin kenalan mi chat open room suruh tf bukalapak hadehhh hadehhh pusing,negatif
91,kereeeenn bgt pdhl pas th bukalapak udh up bgt ,positif
92,cek perlengkapan butuhkan harganya terbaik ,positif
93,cek produk new update bukalapak,netral
94,gratisan pake kode ongkirgratis pas belanja bukalapak biar ongkir gratis maks rprb ,positif
95,gratisan pake kode ongkirgratis pas belanja bukalapak biar ongkir gratis maks rprb berlaku,positif
96,tau jumat bukalapa bukamall festival flash deal ,netral
97,oke kak lupa jaga kesehatan ya kendala bukalapak silakan,positif
98,oke kak lupa jaga kesehatan ya kendala bukalapak silakan,positif
99,tolong voucher diterbitkan aja udah ampir sebulan gak hasil,negatif
100,tolong voucher diterbitkan aja udah ampir sebulan gak hasil,negatif
101,gratisan pake kode ongkirgratis pas belanja bukalapak biar ongkir gratis maks rprb ,positif
102,gila potongan super seller cuy pantesan platform sepi super seller nggak aja ,negatif
103,rt gratisan pake kode ongkirgratis pas belanja bukalapak biar ongkir gratis maks rprb ,positif
104,hai kak maaf ketidaknyamanannya ya kakak dm bella ya kak infoin detail kendala kak ,negatif
105,mengajakmu bergabung bukalapak memberikanmu credits rp cek ,positif
106,hai kak maaf ketidaknyamanannya ya kakak dm bella ya kak infoin detail kendala kak ,negatif
107,mengajakmu bergabung bukalapak memberikanmu credits rp cek ,positif
108,investasi emas,positif
109,investasi emas,positif
110,gratisan pake kode ongkirgratis pas belanja bukalapak biar ongkir gratis,positif
111,gratisan pake kode ongkirgratis pas belanja bukalapak biar ongkir gratis,positif
112,rt follow akun official store ya mendapakan update terbaru terkait produk ,positif
113,penjual yg pake super seller bukalapak hasilnya gmn yak yg super seller berasa imbasnya ,negatif
114,gw bgt tim ui ux nya shopee bukalapak,positif
115,gw bgt tim ui ux nya shopee bukalapak,positif
116,jual alat rapid test harga ekonomis beli eceran rp pesan via bukalapak ,positif
117,jual alat rapid test harga ekonomis beli eceran rp pesan via bukalapak ,positif
118,proses komplain transaksi blipkbmcinv ,negatif
119,belanja bukalapak bayarnya pakai coba vote,netral
120,belanja bukalapak bayarnya pakai coba vote ,netral
121,profesional berhati kawan lupa kode unik,negatif
122,admin twiiter gak tiao ni tiket berubah tpi admin ig live chat tto sm,negatif
123,admin twiiter gak tiao ni tiket berubah tpi admin ig live chat tto sm no,negatif
124,pastikan kali trakhir makai pilihan topuo aktivitas sehari,negatif
125,pastikan kali trakhir makai pilihan topuo aktivitas sehari,negatif
126,order pomade langsung bukalapak,positif
127,order pomade langsung bukalapak,positif
128,bunyi apatuh suara perut hihihihi perut laper langsung aja buka bukafood pilihan makanan,netral
129,maaf ketidaknyamanannya ya kak perihal kendala bella bantu konfirmasi dm ya,negatif
130,maaf ketidaknyamanannya ya kak perihal kendala bella bantu konfirmasi dm ya,negatif
131,basi jawabanmu gaada kejelasan gaada penyelesaian,negatif
132,basi jawabanmu gaada kejelasan gaada penyelesaian,negatif
133,ngasih tau nih belanja metode pembayaran dana dapetin diskon ongkos kirim,positif
134,ngasih tau nih belanja metode pembayaran dana dapetin diskon ongkos kirim,positif
135,tidakperlu dm balasan aja kayak robot buarkan mreka tau gmn bukalapak,negatif
136,tidakperlu dm balasan aja kayak robot buarkan mreka tau gmn bukalapak,negatif
137,nggak belanja ono,negatif
138,penggemar setia bukalapak terima kasih user experience ya,positif
139,amankah nabung emas bukalapak merger perusahaan nasib emas ,netral
140,coba cicil emas bukalapak cuan mi promo nih nih cicilan bukaemas,positif
141,kak penarikan dana kerekning bca status pending ya ,negatif
142,kak penarikan dana kerekning bca status pending ya ,negatif
143,gratisan pake kode ongkirgratis pas belanja bukalapak biar ongkir gratis maks rprb berlaku,positif
144,cek perlengkapan butuhkan harganya terbaik ,positif
145,cek perlengkapan butuhkan harganya terbaik ,positif
146,gratisan pake kode ongkirgratis pas belanja bukalapak biar ongkir gratis maks rprb ,positif
147,kelanjutan dana sayaa btuh uang bayar angsuran yaallah,negatif
148,kelanjutan dana sayaa btuh uang bayar angsuran,negatif
149,kelanjutan dana sayaa btuh uang bayar angsuran,negatif
150,kelanjutan dana sayaa btuh uang bayar angsuran,negatif
151,grgr lupa kode unik kah mas jg gitu tpi duit gabalik smoe skrg udh,negatif
152,grgr lupa kode unik kah mas jg gitu tpi duit gabalik smoe skrg udh,negatif
153,lhoo ga ngecek bukalapak skrg ui nya dah rapi yaaa,positif
154,mohon maaf ya kak udah bikin gak nyaman bella cek kendala kakak nomor pelaporan,negatif
155,kelanjutan dana sayaa btuh uang bayar angsuran,negatif
156,lhoo ga ngecek bukalapak skrg ui nya dah rapi yaaa,positif
157,mohon maaf ya kak udah bikin gak nyaman bella cek kendala kakak nomor pelaporan,negatif
158,kelanjutan dana sayaa btuh uang bayar angsuran,negatif
159,salah kode unik udh nungfu disuruh nungfu brpa woy ,negatif
160,salah kode unik udh nungfu disuruh nungfu brpa woy ,negatif
161,order pomade langsung bukalapak,positif
162,order pomade langsung bukalapak,positif
163,mudah sahabat pilih program program rumah zakat langsung bukalapak,positif
164,mudah sahabat pilih program program rumah zakat langsung bukalapak,positif
165,bukalapak undang gue lol sesuai target audience nya,negatif
166,kumpulan novel fiksi import bhs inggris best seller in maret,positif
167,dah kerja bukalapak tp gapernah post ,negatif
168,pelapak dirugikan cancel orderan persetujuan pelapak,negatif
169,pelapak dirugikan cancel orderan persetujuan pelapak,negatif
170,marketplace konyol yg,negatif
171,marketplace konyol yg,negatif
172,gak ngebadut ya syopii sampe gua pindah haluan bukalapak ,netral
173,gk dibls keluhan,negatif
174,kak maaf ya udah bikin kakak gak nyaman bella cek transaksi kakak dibaca,negatif
175,kak maaf ya udah bikin kakak gak nyaman bella cek transaksi kakak dibaca,negatif
176,proses semoga bertahan dgn membatalkan transaksi yg sdh diproses,negatif
177,proses semoga bertahan dgn membatalkan transaksi yg sdh diproses,negatif
178,netijen please do your magic bantu jualan gue bukalapak yuk belinya ,positif
179,netijen please do your magic bantu jualan gue bukalapak yuk belinya ,positif
180,jual bukalapak carousel deh cepet lakunya,positif
181,jual bukalapak carousel deh cepet lakunya,positif
182,loopers cus streaming internetan lancar pake kartu perdana internet telkomsel beli aja,positif
183,memiliki bukti perbaikan pasien signifikan,negatif
184,memiliki bukti perbaikan pasien signifikan,negatif
185,kak maaf banget ya udah bikin kakak gak nyaman silakan kakak kesepakatan,negatif
186,kak maaf banget ya udah bikin kakak gak nyaman silakan kakak kesepakatan,negatif
187,saksikan live streaming leadership talks strategi perjuangan perusahaan era pandemic sebentar,positif
188,pembeli gk dihubungi aja transaksi laporkan viralkan,negatif
189,pembeli gk dihubungi aja transaksi laporkan viralkan,negatif
190,tersedia jg bukalapak shopee toped wa bro,positif
191,kak maaf banget kendalanya bella cek kendala kakak bella bantu,negatif
192,kak maaf banget kendalanya bella cek kendala kakak bella bantu,negatif
193,gamenang beli mmm gatau sih msti prcya engga bantuin bukalapak,negatif
194,perusahaan teknologi indonesia bukalapak menghadirkan maingame dot com aplikasinya program,positif
195,perusahaan teknologi indonesia bukalapak menghadirkan maingame dot com aplikasinya program,positif
196,smartphone versi terbaru tunggu tunggu udah pasaran yuk beli aja,positif
197,smartphone versi terbaru tunggu tunggu udah pasaran yuk beli aja,positif
198,rt perusahaan teknologi indonesia bukalapak menghadirkan maingame dot com aplikasinya program,positif
199,rt perusahaan teknologi indonesia bukalapak menghadirkan maingame dot com aplikasinya program,positif
200,gratisan pake kode ongkirgratis pas belanja bukalapak biar ongkir gratis maks rprb ,positif
201,mengajakmu bergabung bukalapak memberikanmu credits rp cek ,positif
202,gratisan pake kode ongkirgratis pas belanja bukalapak biar ongkir gratis maks rprb ,positif
203,mengajakmu bergabung bukalapak memberikanmu credits rp cek ,positif
204,pas banget doyan aktivitas media digital streaming film sampe nge game ,positif
205,pas banget doyan aktivitas media digital streaming film sampe nge game ,positif
206,minisite blogger responsiv untul bisnis reseller tokopedia bukalapak dll,positif
207,minisite blogger responsiv untul bisnis reseller tokopedia bukalapak dll,positif
208,jadiii bukalapak nikmatin cashback berlangganan streaming film favorit top up game,positif
209,jadiii bukalapak nikmatin cashback berlangganan streaming film favorit top up game,positif
210,dorong industri game bukalapak hadirkan program turnamen asik,positif
211,hai kak mohon maaf kendalanya ya keamanan data kakak pindah dm yuk kak infoin alamat,negatif
212,harga amazon usd sampe usd shipping bea cukai dijual juta,negatif
213,rt harga amazon usd sampe usd shipping bea cukai dijual juta,negatif
214,nyari temen diajak deeptalk bukalapak gak ya ,netral
215,bukalapak menu investasi emas layanan nabung emas batangan,positif
216,bukalapak menu investasi emas layanan nabung emas batangan,positif
217,deeptalk bukalapak tuh hyung ,netral
218,setuju sy dgn perhatian olshop,positif
219,min membatalkan transaksi merubah kurir susah ya,negatif
220,min membatalkan transaksi merubah kurir susah ya,negatif
221,hi admin no tagihan blizxxehinv bayar sy disuruh nunggu verifikasi batas,negatif
222,hi admin no tagihan blizxxehinv bayar sy disuruh nunggu verifikasi batas,negatif
223,rt tabungan bni buka tabungan bni mudah dgn aplikasi bni mobile banking hadiah ekstra e voucher,positif
224,hai kak maaf banget nggak nyaman ya kak yuk lampirkan bukti pembayaran dm,negatif
225,hai kak maaf banget nggak nyaman ya kak yuk lampirkan bukti pembayaran dm,negatif
226,buka usaha min ,positif
227,sertifikat prakerja tertahan bukalapak cc,negatif
228,bukalapak emang cincay,positif
229,bukalapak emang cincay,positif
230,gratisan pake kode ongkirgratis pas belanja bukalapak biar ongkir gratis maks rprb ,positif
231,fix gua gabut malem dengerin lagu iklan bukalapak,negatif
232,gratisan pake kode ongkirgratis pas belanja bukalapak biar ongkir gratis maks rprb ,positif
233,fix gua gabut malem dengerin lagu iklan bukalapak,negatif
234,min udah gak fitur batalkan pesanan ya pesanan udah gak kirim pelapak proses,negatif
235,min udah gak fitur batalkan pesanan ya pesanan udah gak kirim pelapak proses ,negatif
236,beli hp bos,positif
237,kirain rui pake embel bukalapak kek sheeps ,netral
238,checkout marketplace punyanya dana gopay dm aja yuk bantu ,netral
239,kak mohon maaf kendalanya ya kak bela bantu kak pemeriksaannya,negatif
240,kak mohon maaf kendalanya ya kak bela bantu kak pemeriksaannya,negatif
241,males bukalapak kayaknya seller merasakan yg,negatif
242,males bukalapak kayaknya seller merasakan yg,negatif
243,rt tgl juni ngeh bayar pajak motor cobain perpanjang online via app samolnas bayar bukalapak,positif
244,rt tgl juni ngeh bayar pajak motor cobain perpanjang online via app samolnas bayar bukalapak,positif
245,hai kak maaf banget ya kendalanya yuk lampirkan screenshot kendalanya dm bella bantu cek ya kak ,negatif
246,bukalapak emang cincai,positif
247,sukses meningkatkan produktivitas membutuhkan faktor,positif
248,sukses meningkatkan produktivitas membutuhkan faktor ,netral
249,g beli disitu nder tp klo ak kenalan seller shopee bukalapak tokoped jualn,netral
250,yukk rb aja bukalapak ready biar enak,positif
251,yukk rb aja bukalapak ready biar enak,positif
252,rt gratisan pake kode ongkirgratis pas belanja bukalapak biar ongkir gratis maks rprb ,positif
253,rt gratisan pake kode ongkirgratis pas belanja bukalapak biar ongkir gratis maks rprb ,positif
254,dibayar tagihan gak terkonfirmasi kadaluwarsa duit ga refund,negatif
255,bahagia cashback bukalapak rb wahhh,positif
256,min akun bukalapak toko lokasi berbeda ,netral
257,halo kak maaf bikin nggak nyaman diinfokan detail kendala nomor telepon alamat email,negatif
258,halo kak maaf bikin nggak nyaman diinfokan detail kendala nomor telepon alamat email,negatif
259,mending reksadana aja ahh return nya perlahan yg sih gede bunga deposito,positif
260,mending reksadana aja ahh return nya perlahan yg sih gede bunga deposito,positif
261,reksadana aja reksadana saham murah murah harganya,positif
262,reksadana nyaman aja manajer investasi dipercaya,positif
263,reksadana aja reksadana saham murah murah harganya,positif
264,reksadana nyaman aja manajer investasi dipercaya,positif
265,reksadana pastinya kalo emas sih mah returnnya tergantung kalo peristiwa dunia doang,positif
266,reksadana pastinya kalo emas sih mah returnnya tergantung kalo peristiwa dunia doang,positif
267,pilih reksadana aja nabung reksadana,positif
268,pilih reksadana aja nabung reksadana,positif
269,reksadana diawasi ojk,positif
270,reksadana diawasi ojk,positif
271,reksa dana ud konsultasi ahlinya telegram disediakan bukalapak,positif
272,reksa dana ud konsultasi ahlinya telegram disediakan bukalapak,positif
273,reksa dana gratis dividen tahunnya resiko pendapatan saham campuran,positif
274,reksa dana gratis dividen tahunnya resiko pendapatan saham campuran,positif
275,reksa dana larena macamnya reksa dana pasar uang pendapatan saham ,positif
276,reksa dana larena macamnya reksa dana pasar uang pendapatan saham ,positif
277,reksa dana menjual reksa dana pasar uang instan menit bukalapak,positif
278,reksa dana menjual reksa dana pasar uang instan menit bukalapak,positif
279,checkout marketplace punyanya dana gopay dm aja yuk bantu,netral
280,mengajakmu bergabung bukalapak memberikanmu credits rp cek ,positif
281,mengajakmu bergabung bukalapak memberikanmu credits rp cek ,positif
282,gak dibuka ya bl android update playstore update gimana ,negatif
283,cek perlengkapan butuhkan harganya terbaik ,positif
284,rt belanja keperluan si bukalapak aja gak rumah praktis ,positif
285,rt yokk belanja belanjaaa,positif
286,kubah masjid enamel stainless harga murah dipesan,positif
287,bosku promo transaksi bukalapak cek promo,positif
288,bosku promo transaksi bukalapak cek promo,positif
289,paket lion parcel gak tracking bukalapak barang bergerak,negatif
290,gratisan pake kode ongkirgratis pas belanja bukalapak biar ongkir gratis maks rprb ,positif
291,gratisan pake kode ongkirgratis pas belanja bukalapak biar ongkir gratis maks rprb ,positif
292,cek perlengkapan butuhkan harganya terbaik ,positif
293,mengajakmu bergabung bukalapak memberikanmu credits rp cek ,positif
294,mengajakmu bergabung bukalapak memberikanmu credits rp cek ,positif
295,cs suruh terusan menunggu ya gimana ya uang bayar jam tanggal oktober,negatif
296,cs suruh terusan menunggu ya gimana ya uang bayar jam tanggal oktober,negatif
297,tolong ya kak akun uang masuk bukalapak status order kadaluarsa ,negatif
298,tolong ya kak akun uang masuk bukalapak status order kadaluarsa ,negatif
299,investor korea selatan gencar berinvestasi startup asia tenggara bukalapak grab korea investm,positif
300,reksa dana dana dikumpulkan dibelanjakan aplikasi bukalapak,positif
301,reksa dana dana dikumpulkan dibelanjakan aplikasi bukalapak,positif
302,reksa dana promo promo menarik cashback pembelian reksa dana,positif
303,reksa dana promo promo menarik cashback pembelian reksa dana,positif
304,reksa dana cashback credit didapatkan belanja menabung reksa dana bukalapak,positif
305,reksa dana cashback credit didapatkan belanja menabung reksa dana bukalapak,positif
306,ngaku anak motor anak mobil pas banget nih pasar diskon otomotif bukalapak ,positif
307,biar asik seru long weekend nya kuy bukalapak,positif
308,tanggal update status resi kak,negatif
309,gratisan pake kode ongkirgratis pas belanja bukalapak biar ongkir gratis maks rprb ,positif
310,tanggal update status resi kak,negatif
311,gratisan pake kode ongkirgratis pas belanja bukalapak biar ongkir gratis maks rprb ,positif
312,x jam kak uang syaa akun bukti pembayaran kak tanggal,negatif
313,paketkuuu dibawa kurir gak nyampe nyampe kenapaaa ,negatif
314,hai kak maaf banget kendalanya mohon informasikan nomor transaksinya ya kak contoh ,negatif
315,pembayaran kartu kredit applikasi bl dg internet banking ,negatif
316,halo terinspirasi ,positif
317,paket nomor resi terkena status criss cross ,negatif
318,kak senang hati bella bantu yuk ngobrolnya pindah inbox mohon info,negatif
319,mudah sahabat pilih program program rumah zakat langsung bukalapak,positif
320,mudah sahabat pilih program program rumah zakat langsung bukalapak,positif
321,ngeblok gc permintaan pengembalian uang yg salah toko penjual ,negatif
322,gambar tiang cs lapaknya bilang tiang sembarang aja terima penjual,negatif
323,min tolong pesanan ane dgn no transaksi batalkan seller no respon ,negatif
324,gratisan pake kode ongkirgratis pas belanja bukalapak biar ongkir gratis maks rprb ,positif
325,gratisan pake kode ongkirgratis pas belanja bukalapak biar ongkir gratis maks rprb ,positif
326,mengajakmu bergabung bukalapak memberikanmu credits rp cek ,positif
327,mengajakmu bergabung bukalapak memberikanmu credits rp cek ,positif
328,pas banget jam dapetin masker mediheal x bt harga spesial ,positif
329,bismillah mudah mudaha si cepat dapet hadiah amiin wha ,positif
330,gratisan pake kode ongkirgratis pas belanja bukalapak biar ongkir gratis maks rprb ,positif
331,gratisan pake kode ongkirgratis pas belanja bukalapak biar ongkir gratis maks rprb ,positif
332,sms nya bukalapak transaksi ,negatif
333,sms nya bukalapak transaksi ,negatif
334,gratisan pake kode ongkirgratis pas belanja bukalapak biar ongkir gratis maks rprb ,positif
335,gratisan pake kode ongkirgratis pas belanja bukalapak biar ongkir gratis maks rprb ,positif
336,fitur buka send paket diluar bukalapak brg yg tdk jual bukalapak,negatif
337,fitur buka send paket diluar bukalapak brg yg tdk jual bukalapak,negatif
338,maaf banget kendala dicoba berkala logiut log in akun bukalapak,positif
339,ketipu untung keburu curiga ikutin petunjuk pelapak ,negatif
340,terimakasih infonya ,netral
341,yg sms bukalapak ,positif
342,hai kak maaf nyaman ya kak terkait pemberitahuan aplikasi bukalapak ,negatif
343,kak mohon maaf kakak transaksi,negatif
344,transaksi okt clear no resinya resi sms tsb ,negatif
345,transaksi okt clear no resinya resi sms tsb ,negatif
346,maba computing ku ajar kmrn yg udh lulus d and kerja bukalapak ,positif
347,rt dipilih pemenang beruntung acak kasih saldo reksadana emas rp ribu ,positif
348,rt dipilih pemenang beruntung acak kasih saldo reksadana emas rp ribu ,positif
349,investasi reksadana mudah risiko kerugiannya suka investasi reksadana,positif
350,developer bukalapak bang remote work skrng,positif
351,alhamadulillah nya saia koneksi intern d bukalapak yayyyyy,positif
352,hai kak maaf ya kendala kuyy bella bantu kak infoin nomor telepon email akun bukalapak,negatif
353,gratisan pake kode ongkirgratis pas belanja bukalapak biar ongkir gratis maks rprb ,positif
354,gratisan pake kode ongkirgratis pas belanja bukalapak biar ongkir gratis maks rprb ,positif
355,rt dipilih pemenang beruntung acak kasih saldo reksadana emas rp ribu ,positif
356,rt dipilih pemenang beruntung acak kasih saldo reksadana emas rp ribu ,positif
357,cek perlengkapan butuhkan harganya terbaik ,positif
358,minisite blogger responsiv untul bisnis reseller tokopedia bukalapak dll,positif
359,semenjak pandemi market karuan alias crash kesempatanku konsisten nabung,positif
360,jual kejutan kejutan francine pascal rp pesan via bukalapak klik,positif
361,jual kejutan kejutan francine pascal rp pesan via bukalapak ,positif
362,min bsa bantu alamat kantor sicepat d lhokseumawe aceh ,netral
363,ganti smartphone kapasitas battery terbesar indonesia kuy ikutan xtreme flash sale samsung,netral
364,rt ganti smartphone kapasitas battery terbesar indonesia kuy ikutan xtreme flash sale samsung official,netral
365,gratisan pake kode ongkirgratis pas belanja bukalapak biar ongkir gratis maks rprb ,positif
366,hei bos rubah orderan buyer sy resi otomatis sicepat manual jne acc bl,negatif
367,rt dapatkan diskon spesial im ooredoo bukalapak ,positif
368,investasi emas menurutku resikonya rendah emas mahal,positif
369,pas modal k,positif
370,order pomade langsung bukalapak,positif
371,gratisan pake kode ongkirgratis pas belanja bukalapak biar ongkir gratis maks rprb ,positif
372,gratisan pake kode ongkirgratis pas belanja bukalapak biar ongkir gratis maks rprb ,positif
373,tenaaang tetep belanja ngerasain nya ,positif
374,udah gak belanja bl toko gak verified trus promo nya gak hijau ,negatif
375,udah gak belanja bl toko gak verified trus promo nya gak hijau p ,negatif
376,mengajakmu bergabung bukalapak memberikanmu credits rp cek ,positif
377,mengajakmu bergabung bukalapak memberikanmu credits rp cek ,positif
378,peserta kartu prakerja gelombang lupa ya beli pelatihan pertamanya ,positif
379,min bukalapak lemot yaa aplikasinya nya,negatif
380,hai kak maaf ketidaknyamanannya yuk pindah dm informasikan kendala email nomor,negatif
381,hai kak maaf ketidaknyamanannya yuk pindah dm informasikan kendala email nomor,negatif
382,siang kak maaf kendala sertifikatnya nih bikin nunggu bella cek kendalan,negatif
383,hai kak kakak mengalami kendala terkait mitra bukalapak menghubungi cs mitra bukalapak,negatif
384,waah sih milih investasi emas yah emas harganya cenderung stabil ,positif
385,tolong dibantu penjualan no pesanan diterima pembeli pembeli,negatif
386,hai kak mohon maaf yuk pindah dm infokan kendala detail beserta email alamat,negatif
387,hai kak mohon maaf yuk pindah dm infokan kendala detail beserta email,negatif
388,buang berhari ternayata bukalapak melindungi pelangan berpihak pelapak,negatif
389,buang berhari ternayata bukalapak melindungi pelangan berpihak pelapak,negatif
390,hai kak maaf banget nggak nyaman ya kak yuk infoin detail kendala dm,negatif
391,hi kak maaf ketidaknyamanannya ya kak bella infokan proses jual instan mengikuti aturan,negatif
392,saldo pulsa nya blm masuk,negatif
393,gimana ya min transfer selisihnya ,netral
394,hallo kak maaf nih saldo pulsa kakak masuk pindah dm yuk kak ngobrolnya biar enak,negatif
395,kesulitan pengiriman barang jual berat mohon bantuannya,negatif
396,hai kak senang hati bella informasikan mengaktifkan kurir lapak,negatif
397,yakiiin lho jam malem ,netral
398,for sale like new pengiriman tangsel transaksi bukalapak shopee by request nego ,positif
399,biar jam malem nya berfaedah nih kasih promo flash deal pigeon breast pump electric go mini,positif
400,woi gimana tanggung udah loh saldo emoney rb ga masuk parah banget sih,negatif
401,woi gimana tanggung udah loh saldo emoney rb ga masuk parah banget sih,negatif
402,halo min dpt sms notifikasi ganti no telf akun bl dapet email ya ,netral
403,biarcepet laku spefikasi dm aj harga free ongkir rekber tokped bukalapak,positif
404,cek perlengkapan butuhkan harganya terbaik ,positif
405,cek perlengkapan butuhkan harganya terbaik ,positif
406,checkout marketplace punyanya dana gopay dm aja yuk bantu,netral
407,rt biar jam malem nya berfaedah nih kasih promo flash deal pigeon breast pump electric go mini,positif
408,asli sisten jualan bl bobrok barang dikirim pake resi manual disetujui bl min,negatif
409,saldo gaditerusin buka dompet penjual disetujui merubah resi otomatis manual rugi penjual,negatif
410,saldo gaditerusin buka dompet penjual disetujui merubah resi otomatis manual rugi penjual,negatif
411,bukalapak aja bund,positif
412,tolong klo refund dikembalikan sesuai yg semestinya refund pulsa serbu honda beat sesuai,negatif
413,tolong klo refund dikembalikan sesuai yg semestinya refund pulsa serbu honda beat sesuai,negatif
414,karna mah pilih produk digital,positif
415,barang blm nyampe nih kak,negatif
416,barang blm nyampe nih kak,negatif
417,fitur jual barang varian pilihan,negatif
418,fitur jual barang varian pilihan,negatif
419,serat sisal sisalana agave bukalapak yuk belinya ,positif
420,user bukalapak cek favorit ,netral
421,maaf banget ya bikin ngga nyaman terkait mohon informasikan nomor telepon alamat,negatif
422,maaf banget ya bikin ngga nyaman terkait mohon informasikan nomor telepon alamat,negatif
423,terimakasih kakak,positif
424,minisite blogger responsiv untul bisnis reseller tokopedia bukalapak dll,positif
425,nomor transaksi nomor resi paket kirim,negatif
426,mengajakmu bergabung bukalapak memberikanmu credits rp cek ,positif
427,hai kak maaf banget nih kendalanya keterbatasan karakter yuk pindah dm kak biar ngobrolnya,negatif
428,halo min register buka lapak ga otp nomor hp ya ,negatif
429,gratisan pake kode ongkirgratis pas belanja bukalapak biar ongkir gratis maks rprb berlaku,positif
430,gratisan pake kode ongkirgratis pas belanja bukalapak biar ongkir gratis maks rprb berlaku,positif
431,cek perlengkapan butuhkan harganya terbaik ,positif
432,cek perlengkapan butuhkan harganya terbaik ,positif
433,udah ga iklan tv si min ga ikutan ky yg ,netral
434,kubah masjid enamel stainless harga murah dipesan,positif
435,kubah masjid enamel amp stainless harga murah dipesan,positif
436,halo kak bukalapak kak iklan tv sampe ketinggalan liat iklannya kak,positif
437,halo kak bukalapak kak iklan tv sampe ketinggalan liat iklannya kak,positif
438,otp bukalapak down berkali nyoba kirim otp gaada yg masuk ,negatif
439,reksadana mudah transaksi beli jualnya harganya terjangkau sesuai budget ,positif
440,reksadana mudah transaksi beli jualnya harganya terjangkau sesuai budget ,positif
441,hai kak maaf kendala alami ya kak bella bantu cek ya yuk infoin alamat,negatif
442,hai kak maaf kendala alami ya kak bella bantu cek ya yuk infoin alamat,negatif
443,kak bukalapak eror ya otp sms gak masuk pagi,negatif
444,hai kak maaf banget ya kendalanya terkait kendala yuk infoin bella alamat email,negatif
445,hai kak maaf banget ya kendalanya terkait kendala yuk infoin bella alamat email,negatif
446,mega app ma mitra bukalapak tu logonya kalo notif suka binun,negatif
447,mega app ma mitra bukalapak tu logonya kalo notif suka binun,negatif
448,microsoft berinvestasi bukalapak loh be emers google,positif
449,gratisan pake kode ongkirgratis pas belanja bukalapak biar ongkir gratis,positif
450,rt marketplace tokopedia bukalapak lazada memungut ppn persen konsumen ,negatif
451,mantap,positif
452,mengajakmu bergabung bukalapak memberikanmu credits rp cek ,positif
453,hai kak senang hati bella informasikan bukalapak memiliki fitur bayarnanti ,negatif
454,syaratnya aplikasi bukalapak pesennya via bukafood makanannya dianterin pake grabexpress ,positif
455,rt syaratnya aplikasi bukalapak pesennya via bukafood makanannya dianterin pake grabexpress pake voucher code,positif
456,buka bukalapak edisi malam jumatan jamin ori,positif
457,mengajakmu bergabung bukalapak memberikanmu credits rp cek ,positif
458,ni ku bilang ya email gak solusii memperlamaa akun bekukan buka dompet,negatif
459,gratisan pake kode ongkirgratis pas belanja bukalapak biar ongkir gratis maks rprb ,positif
460,pajakcengkareng rt djp perusahaan pemungut ppn pmse tokopedia bukalapak blibli lazada lho ,negatif
461,kfc dah min kasih voucher ga nih ,netral
462,sahabat suka belanja online tau bukalapak promo promo menarik,positif
463,ayok kak dicoba patah semangat yaa bella doain deh semoga kakak dapet voucher,positif
464,kakak ragu bukalapak tipu tipu bella doain kesempatan,positif
465,semangat atuh kak vouchernya kakak gunain cekout barang kesayangan kakak loh murah deh ,positif
466,kecewa dgan tim penyelesaian bukalapak duit blokir bsa berjualan ,negatif
467,min dapet pesan promoted push cashback coba beli ga cashbacknya,negatif
468,yuk cus bukalapak mimin kasih link promo biar pilih promo gunain ya ,positif
469,huumb kak yuk langsung cus bukalapak voucher promo tersedia cek,positif
470,ragu ceki ceki barang impian temukan promo menariknya ,positif
471,tolong admin bukalapak uang bekukan buka dompet nomer transaksi,negatif
472,kajian mitra bukalapak qanaah bersyukur rezeki pandemi via,positif
473,rt desember belanja bukalapak cs kena ppn persen,negatif
474,td mlm server down,negatif
475,rt ya min sy ga login akun sy buka aplikasi ,negatif
476,yasalaaaaammm ku geraaamm mbaakk nhaloooo tolonglah direspons,negatif
477, area booth bukalapak hall b n diskon pembelian oli eneos aplikasi bukalapak,positif
478,no transaksi koq sy input resi dr kemarin tp ga update history bukalapak ya,negatif
479, area booth bukalapak hall b n diskon n,positif
480,min plz help sy terima email e tiketnya jg,negatif
481, area booth bukalapak hall b n diskon pembelian oli eneos aplikasi bukalapak,positif
482, area booth bukalapak hall b n diskon pembelian oli eneos aplikasi bukalapak,positif
483, area booth bukalapak hall b n diskon pembelian oli eneos aplikasi bukalapak,positif
484, area booth bukalapak hall b n diskon n,positif
485, area booth bukalapak hall b n diskon n,positif
486,hi bukalapak nmr pembelian nbl zncbainf kesalan pengiriman gimana doong tujuan lamongan,negatif
487,berjualan online bukalapak versi mobile android desktop ,positif
488,transaksi pembeli kasih ulasan tolong remit,negatif
489,hai mba sdh terima sy jg nih terima etiketnya,negatif
490,terhormat cs bukalapak pembelian pulsa nomor tagihan bladzaxvinv terbayar,negatif
491,mengajakmu bergabung bukalapak credits rp kode mnurwakhidalimxdf ,positif
492, nsiang admin nmohon bantu input resi manual no transaksi n dgn resi,negatif
493,min id gk send massage,negatif
494,min id gk kirim pesan id ade roy renaldo,negatif
495,transaksi mohon diaktifkan sistem tracking dr bukalapak nya lg error,negatif
496,ramadan promo nih bayarnya p ,positif
497,semangat guyys pandemi tet bukalapak,positif
498,nih ciwi ciwi udah gajian n nkita k ,netral
499,ikutan rejeki asik bukalapak kesempata ,netral
500,senin teka teki miliaran hadir ,positif
501,kak mohon maaf kendalanya ya bella infak,positif
502,maaf banget nih kak informasikan email daviq_romelos,negatif
503,hai kak daviq maaf banget nih bikin,negatif
504,wahh maaf nih kak membuatmu nggak nyaman ,positif
505,jam aja udah tau jam yak r http bl app link malemmalemobral,negatif
506,jam aja udah tau jam yak r ,netral
507,asik belanja malem malem obral dit ,netral
508,sebentar dapetin barang barang spesial denga ,positif
509,habis buka puasa mari menjemput rejeki gak a ,positif
510,rejeki ekstra ekstra jam tayangnya ,positif
511,udah jam sore nunggu magrib yuk no ,positif
512,kak mohon maaf ya membuatmu nggak nyaman un ,netral
513,bingung berbuka pakai coba cek h ,negatif
514,mohon maaf ya kak terkait mohon kese ,netral
515,kak semangat cek kolom diskusi ka ,negatif
516,bella paham kekecewaan apmplify,positif
517,silakan infoka ,negatif
518,gak belanja un ,netral
519,gak dijadiin prioritas ,positif
520,beli kebutuhan harian bukalapak bayar ,positif
521,pagi pagi tetep kudu semangat ,positif
522,hai kak wadidur maaf banget ya bikin ng ,positif
523,hai kak maaf banget bikin nggak nyaman ,negatif
524,kelar tarawehan mari hepi hepi teka teki miliar ,negatif
525,kak mohon maaf kendalanya ,positif
526,dapet barang barang gratis mer ,negatif
527,butuh headset merapaaat n npake du ,positif
528,hi kak mohon maaf kendalanya bella cek pemb ,positif
529,kak mohon maaf kendalanya ,negatif
530,mohon maaf kak terkait kendala kakak fachriiiiir,negatif
531,gak dilewatin habis buka puasa ik ,negatif
532,hi kak kak bella cek balas y ,positif
533,kak maaf kendalanya ya kak terkait ta ,positif
534,hi kak mohon maaf kendalanya silakan infoka ,negatif
535,kirim uang gampang lak ,negatif
536,kak maaf ya ats kendalanya kak bella sarank ,positif
537,belanja dapet cashback ,negatif
538,bingung nyari kursus ,positif
539,nebak lagu favorit asik asik dapetin tot ,netral
540,jam bukalapak ,positif
541,berjuang sekuat tenaga ,positif
542,beliin setrika mamah ribu aja burua ,positif
543,kuuuy coba kalo kemarin berunt ,positif
544,selamat terpil et_febrian,positif
545,hai terima kasih ketertarikannya program kar indranano,positif
546,habis gajian emang asik checkout baran ,positif
547,heboh emang terheboh n nya gimana ,positif
548,jam jam rawan ngantuk eits tenaaang ,positif
549,okay kakak silakan coba ya berk ,netral
550,mohon maf ya kak terkait voucher kakak ,negatif
551,udah gajian kaaan n nbiar ibadah semangat c ,negatif
552,kak mohon maaf kendalanya bella sarank ,positif
553,kak kakak memiliki kendala ,negatif
554,hi kak mohon maaf ketidaknyamanannya bella ,negatif
555,maaf kendalanya ya kak bella sarankan kakak ,negatif
556,penasaran gimana bikin konten keren ,negatif
557,habis taraweh santai santai nih seru ser ,netral
558,momen ditunggu tunggu harinya c ,positif
559,kak proses pengir ,positif
560,hai kak mohon maaf kendalanya ya mohon lamp ,negatif
561,hai kak maaf nih bikin ngga nyaman ,negatif
562,alternatif hiburan murah pas tuh ,negatif
563,ramadan emang kuuy buka fitur tayang ,positif
564,bentar buka puasa guyss n nkalau mimin sih b ,positif
565,bangeeet ku ,positif
566,ramadan emang penuh berkah ,positif
567,pandemi plus puasa pinter pint ,positif
568,siang siang abis tadarusan kuuuy ikutan teka tek ,positif
569,kesempatan gaeees menangin mobil m ,positif
570,hai kak mohon maaf perihal d ,positif
571,hai kak mohon maaf perihal d ,negatif
572,sibuk kerjaan aktivitas ,negatif
573,hallo kak mohon maaf nih kak pindah ,positif
574,hi kak kakak memiliki kendala ,negatif
575,bukalapak emang hobi kasih ekstra ekst ,negatif
576,biar khusyuk ibadahnya kuuy beli sarung dul ,netral
577,besok teka teki miliaran kasih hadiah j ,positif
578,kak cek aplikasi bukalapak s ,positif
579,hai kak shudel maaf ya ,positif
580,kelakuanku jaman n nhayooo inget ,positif
581,klik ,negatif
582,maaf banget nih kak bikin ngga nyama ,netral
583,ayo buka bukalapak bayar pajak kendar ,netral
584,tampil menawan d ,positif
585,kak maaf ya nyaman bella ba ,positif
586,kebutuhan pokok rumah gak terpenu ,negatif
587,skip bayar pajak kendaraan ,negatif
588,hai kak senang hati bella bantu ,negatif
589,gak beb ,negatif
590,yuk berburu bukalapak ramad ,positif
591,pilih teflon minyak goreng gaesss duanya ,positif
592,hai kak mohon maaf kendalanya bell ,netral
593,senin teka teki miliaran hadir ,negatif
594,kak mohon maaf kendalanya ya bella inf ,positif
595,ikutan rejeki asik bukalapak kesempata ,negatif
596,nih ciwi ciwi udah gajian n nkita k ,positif
597,semangat guyys pandemi tet ,netral
598,ramadan promo nih bayarnya p ,positif
599,kak mohon maaf kakak transaksi hubung ,positif
600,ketipu untung keburu curiga ikutin petunjuk pelapak teru ,negatif
601,gk ketipu org paham yg jgn share data otp liat we ,negatif
602,bukalapak bawel banget,negatif
603,hai kak mohon maaf ketidaknyamanannya ya informasikan bella alamat email no,negatif
604,btw bukalapak kabar sih ,negatif
605,min udah gak fitur batalkan pesanan ya pesanan udah gak kirim pelapak proses,netral
606,hai kak maaf banget ya kendalanya yuk lampirkan screenshot kendalanya dm bella bantu cek ya kak ,negatif
607,males bukalapak kayaknya seller merasakan yg ,negatif
608,rt gratisan pake kode ongkirgratis pas belanja bukalapak biar ongkir gratis maks rprb ,negatif
609,yukk rb aja bukalapak ready biar enak,positif
610,rt tgl juni ngeh bayar pajak motor cobain perpanjang online via app samolnas bayar bukalapak,positif
611,males bukalapak kayaknya seller merasakan yg,positif
612,kak mohon maaf kendalanya ya kak bela bantu kak pemeriksaannya nama,negatif
613,min udah gak fitur batalkan pesanan ya pesanan udah gak kirim pelapak proses,negatif
614,gratisan pake kode ongkirgratis pas belanja bukalapak biar ongkir gratis maks rprb ,negatif
615,fix gua gabut malem dengerin lagu iklan bukalapak,positif
616,bukalapak emang cincay,negatif
617,sertifikat prakerja tertahan bukalapak cc,positif
618,buka usaha min ,negatif
619,hai kak maaf banget nggak nyaman ya kak yuk lampirkan bukti pembayaran dm,positif
620,hi admin no tagihan blizxxehinv bayar sy disuruh nunggu verifikasi batas,negatif
621,min membatalkan transaksi merubah kurir susah ya,negatif
622,bukalapak menu investasi emas layanan nabung emas batangan,negatif
623,harga amazon usd sampe usd shipping bea cukai dijual juta,positif
624,hai kak mohon maaf kendalanya ya keamanan data kakak pindah dm yuk kak infoin alamat,negatif
625,dorong industri game bukalapak hadirkan program turnamen asik,negatif
626,jadiii bukalapak nikmatin cashback berlangganan streaming film favorit top up game,positif
627,minisite blogger responsiv untul bisnis reseller tokopedia bukalapak dll,positif
628,pas banget doyan aktivitas media digital streaming film sampe nge game,netral
629,gratisan pake kode ongkirgratis pas belanja bukalapak biar ongkir gratis maks rprb ,positif
630,mengajakmu bergabung bukalapak memberikanmu credits rp cek ,positif
631,rt perusahaan teknologi indonesia bukalapak menghadirkan maingame dot com aplikasinya program,positif
632,smartphone versi terbaru tunggu tunggu udah pasaran yuk,positif
633,perusahaan teknologi indonesia bukalapak menghadirkan maingame dot com aplikasinya program,positif
634,gamenang beli mmm gatau sih msti prcya engga,positif
635,kak maaf banget kendalanya bella cek kendala kakak bella bantu,negatif
636,tersedia jg bukalapak shopee toped wa bro,negatif
637,saksikan live streaming leadership talks strategi perjuangan perusahaan era pandemic ,positif
638,pembeli gk dihubungi aja transaksi laporkan viralkan,positif
639,kak maaf banget ya udah bikin kakak gak nyaman silakan kakak kesepakatan,negatif
640,memiliki bukti perbaikan pasien signifikan,negatif
641,jual bukalapak carousel deh cepet lakunya,negatif
642,netijen please do your magic bantu jualan gue bukalapak yuk belinya ,positif
643,proses semoga bertahan dgn membatalkan transaksi yg sdh diproses,netral
644,kak maaf ya udah bikin kakak gak nyaman bella cek transaksi kakak dibaca,netral
645,gak ngebadut ya syopii sampe gua pindah haluan bukalapak ,negatif
646,marketplace konyol yg,negatif
647,pelapak dirugikan cancel orderan persetujuan pelapak,negatif
648,mudah sahabat pilih program program rumah zakat langsung bukalapak,negatif
649,order pomade langsung bukalapak,negatif
650,salah kode unik udh nungfu disuruh nungfu brpa woy ,positif
651,lhoo ga ngecek bukalapak skrg ui nya dah rapi yaaa,negatif
652,mohon maaf ya kak udah bikin gak nyaman bella cek kendala kakak nomor pelaporan,negatif
653,kelanjutan dana sayaa btuh uang bayar angsuran,negatif
654,grgr lupa kode unik kah mas jg gitu tpi duit gabalik smoe skrg udh,negatif
655,kelanjutan dana sayaa btuh uang bayar angsuran,negatif
656,kelanjutan dana sayaa btuh uang bayar angsuran,negatif
657,kelanjutan dana sayaa btuh uang bayar angsuran,negatif
658,kelanjutan dana sayaa btuh uang bayar angsuran yaallah,negatif
659,gratisan pake kode ongkirgratis pas belanja bukalapak biar ongkir gratis maks rprb ,negatif
660,cek perlengkapan butuhkan harganya terbaik ,positif
661,gratisan pake kode ongkirgratis pas belanja bukalapak biar ongkir gratis maks rprb ,positif
662,kak penarikan dana kerekning bca status pending ya ,positif
663,penggemar setia bukalapak terima kasih user experience ya,negatif
664,tidakperlu dm balasan aja kayak robot buarkan mreka tau gmn bukalapak,positif
665,ngasih tau nih belanja metode pembayaran dana dapetin diskon ongkos kirim,negatif
666,basi jawabanmu gaada kejelasan gaada penyelesaian,positif
667,maaf ketidaknyamanannya ya kak perihal kendala bella bantu konfirmasi dm,negatif
668,upgrade hp menyelesaikan aktivitas online gitu yu beli bundling,negatif
669,order pomade langsung bukalapak,positif
670,pastikan kali trakhir makai pilihan topuo aktivitas sehari,positif
671,admin twiiter gak tiao ni tiket berubah ,negatif
672,profesional berhati kawan lupa kode unik,negatif
673,belanja bukalapak bayarnya pakai coba vote ðÿ ,negatif
674,jual alat rapid test harga ekonomis beli eceran rp pesan via bukalapak klik â ,negatif
675,gw bgt tim ui ux nya shopee bukalapak,positif
676,gratisan pake kode ongkirgratis pas belanja bukalapak biar ongkir gratis maks rpâ ,positif
677,investasi emas,positif
678,hai kak maaf ketidaknyamanannya ya kakak dm bella ya kak infoin detail kendala kak bdp,netral
679,mengajakmu bergabung bukalapak memberikanmu credits rp cek ,negatif
680,rt gratisan pake kode ongkirgratis pas belanja bukalapak biar ongkir gratis maks rprb berlaku khususâ ,positif
681,gila potongan super seller cuy pantesan platform sepi super seller nggak aja â ,positif
682,gratisan pake kode ongkirgratis pas belanja bukalapak biar ongkir gratis maks rprb berlakuâ ,positif
683,gratisan pake kode ongkirgratis pas belanja bukalapak biar ongkir gratis maks rprb berlakuâ ,positif
684,tolong voucher diterbitkan aja udah ampir sebulan gak hasil,positif
685,tolong voucher diterbitkan aja udah ampir sebulan gak hasil,negatif
686,oke kak lupa jaga kesehatan ya kendala bukalapak silakaâ ,negatif
687,gratisan pake kode ongkirgratis pas belanja bukalapak biar ongkir gratis maks rprb berlakuâ ,negatif
688,cek produk new update gt gt gt bukalapak gt gt ,positif
689,cek perlengkapan butuhkan harganya terbaik ,positif
690,bukalapak chino k jaket jeans k kemeja denim k dll gt pin fce hp lt ,positif
691,bukalapak promo moms,netral
692,iya nih bukalapak sepi sepi aja,positif
693,rt buku das kapital ribu bukalapak udah buku ,negatif
694,rt ww ya nih berkesempatan menangin total hadiah jt gampang banget top up produk virtual bukaâ ,negatif
695,buku das kapital ribu bukalapak udah buku ,positif
696,biar belanja nyaman yuk top up bni tapcash bukalapak dapatkan cashbacknya cuss yuâ ,negatif
697,yuk langsung aja kepoin marketplace gopayless tersedia tokopedia bukalapak shopee blibli ,positif
698,bukalapak cincau harga santai kagak lebay dinego aje sayy sayy ,positif
699,hai kak maaf banget ya udah bikin kakak gak nyaman terkait kendala kakak nomor transaksi xxâ ,positif
700,bukalapak ðÿ emang ðÿ cincai ðÿ harga ðÿ santai ðÿ ž kagak âœ ï lebay ðÿ dinego ðÿ aje ðÿ say ðÿ ðÿ ðÿ sayâ ,negatif
701,mengajakmu bergabung bukalapak memberikanmu credits rp cek ,negatif
702,mohon bantuannya sy pesan barang pelapak stuff station id transaksi â tgl pelaâ ,positif
703,buka dm min ga respon kek doi ,negatif
704,shopee tokopedia bukalapak lazada bintang iklan konsep iklan nya mahal mahal bangsat,negatif
705,hai kak kendala bella konfirmasi dm ya kak yuk cek dm kak nt,negatif
706,aplikasi gak kmren ni tiket brubah kali dm brubah cs aplikasiâ ,negatif
707,hai kak maaf banget nggak nyaman ya kak perihal kendala bella konfirmasi melalâ ,negatif
708,gratisan pake kode ongkirgratis pas belanja bukalapak biar ongkir gratis maks rprb berlakuâ ,negatif
709,nabung emas aja udah ,positif
710,netijen please do your magic bantu jualan gue bukalapak yuk belinya ,positif
711,hai kak kendala bella konfirmasi dm ya kak yuk pindak dm kak nt,netral
712,beli reksadana emas bukalapak,negatif
713,lanjutan mksdnya gimana woy bener no tiket laporan sy yg skrng hdeh jancok gaj jelasâ ,positif
714,investasi reksadana emas bukalapak ayo bantu ,negatif
715,dapet gratisan bl ya ðÿ ðÿ ,positif
716,gimana nih bales dm nya kak,netral
717,ww ya nih berkesempatan menangin total hadiah jt gampang banget top up produk virtuaâ ,negatif
718,hai kak maaf kendalanya ya yuk dm bella infoin detail kendala ya kak bdp,positif
719,invest emas bukalapak rupiah,negatif
720,maaf kendala ya kak mohon infoin bella via dm nomor transaksinya bukti resi fisik daâ ,positif
721,order pomade langsung gt gt gt bukalapak,negatif
722,hai kak maaf kendala ya mohon infokan bella detail terkait kendala ya infâ ,positif
723,biar belanja hemat lupa pake voucher bank mandiri nih lumayan banget voucher ongkir rpâ ,negatif
724,cek perlengkapan butuhkan harganya terbaik ,positif
725,salam mohon dibantu no transaksi dana dr transaksi masuk dompet bl sy krn pktâ ,positif
726,hai kak maaf banget kendala ya mohon diinfokan bella nomor transaksi alamat eâ ,negatif
727,hai kak maaf kendalanya ya bella diinfokan detail kendala dm ya kak mohon diâ ,negatif
728,hai kak mohon maaf kendala dialami terkait kendala kakak diinfokan bella dm ya kak ar,negatif
729,beli buka mas rb masuk saldo tinggal sisanya kemana,negatif
730,hi selamat terpilih pemenang kuis cek dm ya ,negatif
731,ngasih emas nih ambil hadiah emasnya ,positif
732,hallo membeli pelatihan prakerja bukalapak menyelesaikan pelatihan skill aâ ,positif
733,kejadian shopee bukalapak balikin akunku,positif
734,gratisan pake kode ongkirgratis pas belanja bukalapak biar ongkir gratis maks rprb berlakuâ ,negatif
735,malam min knp ga login ya padhal udah bener sms kode bener gagalâ ,positif
736,mengajakmu bergabung bukalapak memberikanmu credits rp cek ,negatif
737,kak maaf kendalanya ya kak bella bantu kendala kakak inbox ya kak silakan kakakâ ,positif
738,mega app ma mitra bukalapak tu logonya kalo notif suka binun,negatif
739,hai kak maaf banget ya kendalanya terkait kendala yuk infoin bella alamat email nâ ,negatif
740,kak bukalapak eror ya otp sms gak masukâ² pagi,negatif
741,hai kak maaf kendala alami ya kak bella bantu cek ya yuk infoin alamatâ ,negatif
742,reksadana mudah transaksi beli amp jualnya harganya terjangkau sesuai budget pilihan portfoâ ,negatif
743,halo kak bukalapak kak iklan tv sampe ketinggalan liat iklannya kak ðÿ an,positif
744,kubah masjid enamel amp stainless harga murah dipesan,positif
745,udah ga iklan tv si min ga ikutan ky yg ,positif
746,cek perlengkapan butuhkan harganya terbaik ,negatif
747,gratisan pake kode ongkirgratis pas belanja bukalapak biar ongkir gratis maks rprb berlakuâ ,positif
748,memiliki bukti perbaikan pasien signifikanâ ,positif
749,halo min register buka lapak ga otp nomor hp ya ,negatif
750,hai kak maaf banget nih kendalanya keterbatasan karakter yuk pindah dm kak biar ngobrolnya lâ ,negatif
751,mengajakmu bergabung bukalapak memberikanmu credits rp cek ,negatif
752,nomor transaksi nomor resi paket kirimâ ,positif
753,rt twitter please do your magic gue tau akun gue tolong retweet tau yg ketipu â ,negatif
754,minisite blogger responsiv untul bisnis reseller tokopedia bukalapak dll,negatif
755,maaf banget ya bikin ngga nyaman terkait mohon informasikan nomor telepon alamat eâ ,positif
756,user bukalapak cek favorit ,negatif
757,fitur jual barang varian pilihan dâ ,netral
758,barang blm nyampe nih kak,negatif
759,tolong klo refund dikembalikan sesuai yg semestinya refund pulsa serbu honda beat sesuaiâ ,negatif
760,bukalapak chino k jaket jeans k kemeja denim k dll gt pin fce hp lt ,negatif
761,gx bukalapak ja ,positif
762,maybe bund bukalapak,netral
763,berjualan online bukalapak versi mobile android desktop,positif
764,anjim twitter gua kaya bukalapak,positif
765,saldo gaditerusin buka dompet penjual disetujui merubah resi otomatis manual rugi penjuaâ ,negatif
766,asli sisten jualan bl bobrok barang dikirim pake resi manual disetujui bl minâ ,negatif
767,cek perlengkapan butuhkan harganya terbaik ,negatif
768,biarcepet laku spefikasi dm aj harga free ongkir rekber tokped bukalapak,positif
769,halo min dpt sms notifikasi ganti no telf akun bl dapet email ya ,positif
770,berguru,negatif
771,woi gimana tanggung udah loh saldo emoney rb ga masuk parah banget sih lamaâ ,netral
772,rt twitter please do your magic gue tau akun gue tolong retweet tau yg ketipu â ,negatif
773,rt twitter please do your magic gue tau akun gue tolong retweet tau yg ketipu â ,netral
774,for sale like new pengiriman tangsel transaksi bukalapak shopee by request nego tp jâ ,netral
775,yakiiin lho jam malem ðÿ ,positif
776,ðÿ ðÿ enyah lo jgn promosi bukalapak,netral
777,suka ngulik ngulik aplikasi keuangan pakai buka reksa aplikasi bukalapak bareksa terâ ,negatif
778,buibuuuukk jam udah tau ngapain nih coba reply twit ngapainðÿ ,positif
779,hai kak senang hati bella informasikan mengaktifkan kurir lapak lâ ,netral
780,bukalapak anak bangsa minimal lu hargain bos ,positif
781,stok kuota streaming film weekend oiya registrasi kartuhalâ ,negatif
782,no need buang say no to bukalapak,positif
783,kesulitan pengiriman barang jual berat mohon bantuannya sayaâ ,negatif
784,hallo kak maaf nih saldo pulsa kakak masuk pindah dm yuk kak ngobrolnya biar enak aâ ,negatif
785,gimana ya min transfer selisihnya ,negatif
786,hi kak maaf ketidaknyamanannya ya kak bella infokan proses jual instan mengikuti taâ ,negatif
787,saldo pulsa nya blm masuk,negatif
788,movie marathon libur layanan halo kick gold berisi kuota internet gb mâ ,negatif
789,min tny ttg bukareksa jual instan kalo jual nab lbh ditransfer sâ ,negatif
790,hai kak maaf banget nggak nyaman ya kak yuk infoin detail kendala dm dapâ ,netral
791,buang berhari ternayata bukalapak melindungi pelangan berpihak pelapakâ ,negatif
792,rt bikin ginian domain available langsung dibeli ga tau apâ ,negatif
793,rt bikin ginian domain available langsung dibeli ga tau apâ ,negatif
794,berjualan online bukalapak versi mobile android desktop,negatif
795,hai kak mohon maaf yuk pindah dm infokan kendala detail beserta email danâ ,positif
796,tolong dibantu penjualan no pesanan diterima pembeli pembeliâ ,negatif
797,waah sih milih investasi emas yah emas harganya cenderung stabil â ,negatif
798,rt twitter please do your magic gue tau akun gue tolong retweet tau yg ketipu â ,positif
799,rupiah mhank ,negatif
800,hai kak kakak mengalami kendala terkait mitra bukalapak menghubungi cs mitra bukalapak liâ ,netral
801,siang kak maaf kendala sertifikatnya nih bikin nunggu ðÿ bella cek kendalanâ ,negatif
802,hai kak maaf ketidaknyamanannya yuk pindah dm informasikan kendala email nomoâ ,negatif
803,daftarnya selesai tinggal nunggu info amp mengikuti trainingnya,negatif
804,min bukalapak lemot yaa aplikasinya nya,netral
805,mantap bln kelas blm slesai gimana beli eummmm,positif
806,peserta kartu prakerja gelombang lupa ya beli pelatihan pertamanya batas akâ ,negatif
807,nnti yg bukalapak ngitung harganya bingung,positif
808,pengawal perusahaan gojek bukalapak menggerakkanâ ,negatif
809,rt twitter please do your magic gue tau akun gue tolong retweet tau yg ketipu â ,negatif
810,rt twitter please do your magic gue tau akun gue tolong retweet tau yg ketipu â ,negatif
811,mengajakmu bergabung bukalapak memberikanmu credits rp cek ,netral
812,udah gak belanja bl toko gak verified trus promo nya gak hijau pâ ,positif
813,hoyong diajar atuh ðÿ ,negatif
814,gratisan pake kode ongkirgratis pas belanja bukalapak biar ongkir gratis maks rprb berlakuâ ,negatif
815,ketawain kasian ,positif
816,emang yg belanja bl ,negatif
817,investasi emas menurutku resikonya rendah emas mahal selainâ ,negatif
818,gimana ðÿ ,positif
819,hei bos rubah orderan buyer sy resi otomatis sicepat manual jne acc bl sâ ,netral
820,jasa topup dompet digital,negatif
821,jualan apaa nder tips ,netral
822,gratisan pake kode ongkirgratis pas belanja bukalapak biar ongkir gratis maks rprb berlakuâ ,netral
823,reksadana suka berinvestasi,positif
824,rt ganti smartphone kapasitas battery terbesar indonesia kuy ikutan xtreme flash sale samsung officiaâ ,positif
825,min bsa bantu alamat kantor sicepat d lhokseumawe aceh ,positif
826,hub transit tuh maksudnya gimana gak jalan jalan kemarin tgl merah libur ,netral
827,rt twitter please do your magic gue tau akun gue tolong retweet tau yg ketipu â ,negatif
828,rt twitter please do your magic gue tau akun gue tolong retweet tau yg ketipu â ,negatif
829,rt twitter please do your magic gue tau akun gue tolong retweet tau yg ketipu â ,negatif
830,jual kejutan kejutan francine pascal rp pesan via bukalapak klik â ,negatif
831,shopee k vision bukalapak kvision,negatif
832,rt twitter please do your magic gue tau akun gue tolong retweet tau yg ketipu â ,positif
833,karna no ribet dijadiin tabungan,negatif
834,cek produk new update gt gt gt bukalapak gt gt ,negatif
835,rt twitter please do your magic gue tau akun gue tolong retweet tau yg ketipu â ,positif
836,hallah typo pelawak maksudnya pelapak ðÿ ,positif
837,rt twitter please do your magic gue tau akun gue tolong retweet tau yg ketipu â ,negatif
838,rt twitter please do your magic gue tau akun gue tolong retweet tau yg ketipu â ,negatif
839,rt twitter please do your magic gue tau akun gue tolong retweet tau yg ketipu â ,negatif
840,kak maaf ketidaknyamanannya ya terkait transaksi mohon menunggu pelapâ ,negatif
841,rt twitter please do your magic gue tau akun gue tolong retweet tau yg ketipu â ,negatif
842,rt twitter please do your magic gue tau akun gue tolong retweet tau yg ketipu â ,negatif
843,shopee lazada tokped bukalapak gaaa,negatif
844,rt twitter please do your magic gue tau akun gue tolong retweet tau yg ketipu â ,negatif
845,kalo suka investasi reksadana sebenernya kalo uang investasi emas ga maâ ,negatif
846,kalo link shoopie tokped bukalapak dicantumkan yg beli gak ragu seller yg nipu ðÿ ðÿ ,positif
847,rt twitter please do your magic gue tau akun gue tolong retweet tau yg ketipu â ,negatif
848,semenjak pandemi market karuan alias crash kesempatanku konsisten nabung reksâ ,negatif
849,minisite blogger responsiv untul bisnis reseller tokopedia bukalapak dll,positif
850,cek perlengkapan butuhkan harganya terbaik ,positif
851,gratisan pake kode ongkirgratis pas belanja bukalapak biar ongkir gratis maks rprb berlakuâ ,netral
852,hai kak maaf ya kendala kuyy bella bantu kak infoin nomor telepon email akun bukalapak kamâ ,positif
853,alhamadulillah nya saia koneksi intern d bukalapak yayyyyy,negatif
854,rt dipilih pemenang beruntung acak kasih saldo reksadana emas rp ribu ,positif
855,investasi reksadana mudah risiko kerugiannya suka investasi reksadana awalâ ,positif
856,kak kendala bukalapak tinggal colek mimin bella ya ðÿ jbt,positif
857,rt twitter please do your magic gue tau akun gue tolong retweet tau yg ketipu â ,positif
858,kak ya kendala bukalapak hubungi bella ðÿ jbt,negatif
859,tampilan e com yg bikin pusing bukalapak zilingoooo ampun pusing bener cari barang,positif
860,notif bukalapak ngeri sehari puluhan kali,negatif
861,mbok kiro gojek toped bukalapak iku duduk garapane milenial a,negatif
862,transaksi okt clear no resinya resi sms tsb ,positif
863,permisi share ready stock tokyobike cari city bike kids bike more coming soon terima kasihâ ,negatif
864,hai kak maaf nyaman ya kak terkait pemberitahuan aplikasi bukalapak kamuâ ,positif
865,kak mohon maaf kakak transaksi hubungâ ,negatif
866,yg sms bukalapak ,negatif
867,terimakasih infonyaðÿ ðÿ ,positif
868,ketipu untung keburu curiga ikutin petunjuk pelapak teruâ ,positif
869,rt twitter please do your magic gue tau akun gue tolong retweet tau yg ketipu â ,negatif
